session_id,requester_id,reviewer_id,question_id,review_content,system_score,is_helpful,final_score,status,created_at,requester_query,theta_social_before,theta_social_after,requester_label,reviewer_label
9f3f965c-8725-4377-8367-b15497ef5943,53750c4a-a048-4037-b563-272d5c8b2567,c1b54361-4d33-4c69-936d-ee088bedfd00,CH02-Q013,,0,,0,PENDING_REVIEW,2026-05-09 04:04:01.329102+00,select from where,,,,User_4,User_5
2b3cb31a-c2ac-4858-8965-603ac5f3317d,53750c4a-a048-4037-b563-272d5c8b2567,b28ca094-8a90-4d30-930c-ea7fc554e7c3,CH02-Q014,,0,,0,PENDING_REVIEW,2026-05-09 04:04:23.008664+00,select from where,,,,User_4,User_8
b8bd0bc8-f512-4219-b4fe-5bab9743c507,1907a5eb-a5a4-4782-b2af-b5779b706982,32c7420c-0bf8-4aa7-8174-45e980dee27c,CH02-Q018,i.dept_name = d.dept_name nya pake where aja gasih???,0.9044304341077805,t,0.9522152170538902,COMPLETED,2026-05-09 07:05:21.909209+00,"select i.dept_name, i.avg(salary)\nfrom instructor i, department d\ngroup by i.dept_name\nhaving i.dept_name = d.dept_name\nAND d.budget > 150000",1300,1313.5664565116167,User_14,User_2
4675cb15-f9df-4225-8fee-b6d3d2227104,1907a5eb-a5a4-4782-b2af-b5779b706982,e0e04c7e-8e71-49d6-8a65-a76b82826016,CH02-Q016,"gatau lah jo, jawab sendiri lah, dah gede kan\n1. belum di join jo\n2. pake where dh jo",0.9094509482383728,t,0.9547254741191864,COMPLETED,2026-05-09 06:46:36.804503+00,"select course.title, count(ID)\nfrom takes, course\ngroup by course.title\nhaving takes.course_id = course.course_id",1301.5,1315.1417642235756,User_14,User_11
4e3a5e06-f0c8-4f43-9c50-9a80e5d5d0f9,71ff93d9-bdd1-441d-8984-d4094ae239d0,32c7420c-0bf8-4aa7-8174-45e980dee27c,CH02-Q013,count(*) nya ganti jadi count(distinct ID) ato semacamnya,0.1,t,0.55,COMPLETED,2026-05-09 07:16:03.443629+00,SELECT distinct COUNT(*) FROM takes\nWHERE year = 2009;,1313.5664565116167,1315.0664565116167,User_12,User_2
83b15616-d241-4237-8895-69ca8b9a7abf,e0e04c7e-8e71-49d6-8a65-a76b82826016,6d23e37a-d746-4a4a-b9be-29507cc9a88c,CH02-Q019,Kesalahannya terletak di avg(credits) seharusnya include 3 jadi pakai >=,0.1,t,0.55,COMPLETED,2026-05-09 07:18:26.394632+00,"select dept_name, count(course_id), avg(credits)\nfrom (select dept_name, )\ngroup by dept_name\nhaving avg(credits) > 3",1300,1301.5,User_11,User_10
3d4eca5e-678f-47f3-b6a4-dc1636eb7fb0,32c7420c-0bf8-4aa7-8174-45e980dee27c,417880d7-6da0-4fd6-9f4e-f61b2e70d5ab,CH02-Q009,"seharusnya query ini cukup memakai kolom course. total sks seharusnya dicari dengan memakai SUM(credits), lalu dikelompokkan berdasarkan nama departemen, dan dipakaikan syarat SUM(credits) >10\n\nQUERY LENGKAP:\nSELECT dept_name, SUM(credits) \nFROM course\nGROUP BY dept_name\nHAVING SUM(credits) > 10;",0.9145185947418213,t,0.9572592973709106,COMPLETED,2026-05-09 07:18:48.126541+00,"select department.dept_name, student.tot_cred\nfrom department, student\nwhere student.dept_name = department.dept_name\nwhere student.tot_cred >10",1300,1313.7177789211273,User_2,User_3
16db96c2-5345-4f7c-b944-eeb70b04b958,e0e04c7e-8e71-49d6-8a65-a76b82826016,71ff93d9-bdd1-441d-8984-d4094ae239d0,CH02-Q017,sepertinya cukup satu tabel instructor saja yang dipakai,0.9121715724468231,t,0.9560857862234116,COMPLETED,2026-05-09 06:56:53.720519+00,"select d.dept_name, count(i.ID)\nfrom department d, instructor i\nwhere d.dept_name = i.dept_name\ngroup by d.dept_name\nhaving count(i.ID) > 2",1300,1313.6825735867023,User_11,User_12
05868f67-4fc6-43ed-8749-e37679917bf2,32c7420c-0bf8-4aa7-8174-45e980dee27c,417880d7-6da0-4fd6-9f4e-f61b2e70d5ab,CH02-Q016,"seharusnya query memakai JOIN untuk menggabungkan course dengan takes, lalu dikelompokkan berdasarkan judul mata kuliah.\n\nQUERY:\nSELECT c.title, COUNT(t.ID)\nFROM course c\nJOIN takes t ON c.course_id = t.course_id\nGROUP BY c.title;",0.1,,0,WAITING_CONFIRMATION,2026-05-09 07:29:27.402256+00,"select course.title, count(takes.ID)\nfrom course, takes\ngroup by tittle\nwhere takes.course_id = course.course_id",,,,User_2,User_3
