"Selama sesi mengerjakan asesmen, seberapa sesuai kamu merasa tingkat kesulitan soal yang diberikan dengan kemampuanmu pada waktu tersebut?",Jelaskan pengalamanmu mengenai adaptabilitas kesulitan soal dengan kemampuanmu,Seberapa jauh kamu merasa kemampuanmu tentang SQL meningkat dibandingkan sebelum mengerjakan testing?,"Jelaskan pengalamanmu mengenai ""sense of progression"" yang diberikan oleh sistem","Apakah ada momen saat kamu merasa ""stuck"" atau frustrasi karena tidak bisa unlock chapter selanjutnya?",Sistem memberikan maksimum 3 kali percobaan (attempts) per soal. Apakah kamu merasa 3 kali cukup untuk belajar dari kesalahan?,Sistem memberikan maksimum 3 kali percobaan (attempts) per soal. Apakah kamu merasa itu terlalu sedikit atau terlalu banyak?,Sistem memberikan maksimum 3 kali percobaan (attempts) per soal. Apakah kamu merasa tertekan dengan adanya batasan ini atau justru terbantu?,Bagaimana pengalamanmu membaca perintah soal dan menggunakan editor SQL di platform ini? Apakah ada fitur yang kurang atau mengganggu? ,Apakah kamu merasa waktu 75 menit cukup untuk mengeksplorasi semua chapter materi?,"Jika dibandingkan dengan pengalaman menjawab soal praktikum PBD (atau tugas kuliah SQL pada umumnya), bagaimana pengalaman mengerjakan latihan SQL di platform ini?

- Apa yang lebih baik?
- Apa yang lebih buruk?
- Apakah kamu lebih memilih sistem seperti ini atau cara tradisional? Mengapa?","Apakah ada hal yang mengejutkan atau tidak kamu duga selama menggunakan sistem ini? (Misalnya: soal yang tiba-tiba mudah/susah, bingung menginterpretasi tingkat kemahiran dan kesulitan soal, dsb.)","Jika kamu bisa mengubah sistem ini, apa yang akan kamu ubah dan mengapa?","Apakah kamu merasa ada ""sense of community"" saat mengerjakan latihan soal dengan platform ini?",Grup Pengujian,"Jika kamu pernah memberikan feedback ke teman:

1) Apakah kamu merasa kesulitan memahami kesalahan pada query temanmu?

2) Apakah kamu merasa feedback yang kamu berikan bermanfaat?

3) Apa yang membuatmu yakin/tidak yakin bahwa feedbackmu memabntu?","Jika kamu pernah menerima feedback dari teman:

1) Apakah feedback tersebut membantumu memahami kesalahanmu?

2) Apakah kamu menggunakan feedback tersebut untuk memperbaiki cara berpikirmu di soal berikutnya?

3) Apakah feedback dari teman lebih/kurang membantu dibandingkan kamu mencoba sendiri berulang kali?","Sistem ini menggabungkan latihan yang dipersonalisasi dengan peer review, menurutmu apakah lebih baik sistem yang 100% menyesuaikan soal SAJA atau sistem yang seperti ini yang kadang ""memaksa"" kamu berinteraksi dengan rekan",Jelaskan mengapa kamu memilih angka tersebut pada skala di pertanyaan sebelumnya
4,"Persentase soal selanjutnya yang lebih susah itu lebih sedikit dibandingkan dengan soal sebelumnya, tetapi karena sangat memakan waktu, jadi terasa lama dan susah banget adaptabilitasnya",5,"Rating dari sistem ini bener-bener mendikte progress di tiap tahapan belajar soalnya sih, jadi kerasa banget kalau udah berhasil jawab -> rating naik (terasa kaya ada rewardnya) dan kalau gagal -> rating nurun (terasa kaya punishment)",Ya,Mungkin,Terlalu sedikit,Tertekan,"Perintah soal terkadang ambigu dan harus mengonfirmasi dengan Kak Dama. Penggunaan editor SQL sangat nyaman karena berwarna dan ada indentasinya, yay.",Tidak,"Lebih baik karena semua resource untuk menjawab soal terlihat dalam 1 layar (skema database, terminal/kode editor). Soalnya juga dalam kalimat yang singkat dan to the point jadi gak perlu terlalu lama memahami seperti di praktikum

Yang lebih buruk.. soalnya terasa banyak banget jadi kayak gak selesai selesai gitu, entah kenapa terasa capek sih pas ngerjainnya, mungkin karena pulang kampus juga :D

Mending ngerjain dan belajar SQL lewat sini aja sih daripada praktikum ataupun di laptop sendiri, jadi lebih praktis","Gap antara soalnya kerasa banget, semisal udah sekali bisa jawab soal yang kurasa mudah, tiba tiba soal selanjutnya susah gitu, aku kira bakal berjenjang gak langsung yg beda banget.

Susah interpretasi soal, meskipun soalnya pendek itu udah nilai plus banget, tapi ","UX dan sedikit UI nya aja sih, buttonnya kurasa bisa dibuat lebih ""click"" lagi dan warna-warna buttonnya. Misal, aku baru aja gagal jawab soal dan semua attempt udah kepake, entah kenapa rasanya kurang cocok kalau warna button untuk lanjutnya hijau. biar lebih nyaman dipakai aja sih. 

Mungkin dari awal bisa view databasenya dibuat besar aja sih jadi gak perlu di-zoom di tiap soal.

Kalau dari sisi sistem, mungkin biar user ga terlalu kesulitan ketika mau lanjut/unlock chapter selanjutnya kaya aku sekarang ini, bisa dibuat mekanisme yang mengharuskan user jadi lebih jago dulu di level beginner sampai tahap tertentu, baru dia lanjut ke ch selanjutnya. Mungkin begitu, tp intinya biar user ga shock bgt dan strugglenya ga sesulit itu",2,B,,,,
4,"saya merasa soal selanjutnya yang diberikan meskipun ada yang lebih susah, tapi membuat saya jadi belajar terkait variasi soal SQL. Sehingga lebih beradaptasi dengan soal SQL untuk soal setelah soal ""susah"" itu.",5,terdapat rating elo yang menunjukkan tingkat kemampuan sehingga apabila ada soal yang membuat turun maupun naik membuat saya merasa progress saya sudah sejauh mana.,Ya,Ya,Pas,Tertekan,perintah soal kurang lengkap terkait output,Tidak,"Lebih baik karena ada hint, kurangnya adalah harus submit jawaban untuk mengetahui salah benar, baiknya bisa lihat output query sql dulu. Menurutku, lebih baik cara seperti ini karena terdapat progress bar","ga ekspek ada parameter yang tidak pernah didengar seperti k factor, mungkin baiknya ada penjelasan terkait parameter yang ada",query input harusnya dicache,3,B,,,,
4,"Aku merasa soal selanjutnya yang diberikan kadang terlalu susah padahal aku salah menjawab soal sebelumnya, jadi aku harus end session dulu buat ngulang lagi dari awal",5,"Aku merasa karena waktu juga berpengaruh di indikator rating ini, rasanya meskipun aku bisa menjawab soalnya, ratingnya turun terus... seakan-akan skillku ga meningkat",Ya,Tidak,Terlalu sedikit,Tertekan,"Soal udh jelas tp kadang beberapa masih bikin ambigu, terus kayak aku merasa outputnya udh bener tp disalahin. Terus dari aku sendiri masih cukup kurang nyaman untuk menggunakan editor SQL di platform ini karena gabisa coba run syntaxnya, jadi cuma bisa benar/salah, tp positifnya jadi bisa lebih pasti sih kayak ga sembarang ngetik tp bener2 diperhatiin dulu syntaxnya udh oke apa blm (apalagi dibatasi 3 attempts doang)",Tidak,"Lebih baik:
Bisa langsung tau syntax yang dibuat tuh benar atau salah tanpa perlu cek outputnya dulu, karena kadang kalau yang cara tradisional, bisa jadi menurut pandangan tuh benar padahal aslinya ga sesuai sama apa yang diminta dari soal. Terus karena referensi dari praktikum PBD jadinya oke banget, soalnya platform seperti ini (eksternal) biasanya materinya simple banget dan soal-soalnya gaada yang kompleks. Terus platform ini juga udh disesuain dengan kemampuan masing-masing jadi untuk soal-soal yang dikerjakan tuh kayak step by step dari kemampuan sekarang dan ditambah difficultynya pelan2.

Lebih buruk:
gabisa uji coba run syntax selain submit answer

Lebih milih sistem ini karena mempermudah dalam pembelajaran banget, baik dari ide pembuatan platform ini, maupun fitur-fiturnya (udh disebutin di bagian lebih baiknya mengenai alasannya)","Setiap aku skip soal krn salah atau gabisa, bukannya makin gampang tp soalnya makin susah jd makin gabisa dikerjain wkwkwkswk, terus ada beberapa pertanyaan masih kurang dapat dipahami, terus ga expect untuk unlock ke chapter berikutnya susah banget ( 2 ke 3 ) pdhl dari 1 ke 2 okeoke aja dan mudah, terus ga expect turun terus ratingnya","pengen ada fitur tambahin bisa ngerun jawaban dulu, sama pengen chapternya ga terlalu padat materinyaa, kayak dipecah2 lagii biar ga terlalu pusing saat mengerjakan (overload materi)",1,B,,,,
4,Aku merasa soal selanjutnya yang diberikan kadang memiliki tingkat kesulitan yang lebih tinggi dari soal sebelumnya. Ada beberapa soal juga yang sulit dimengerti sehingga meningkatkan kesulitan pemahaman.,4,Karena adanya jumlah score dan leaderboard bikin semakin tertantang buat coba lagi dan lagi. Terus dari setiap latihan juga aku ngerasa semakin ngerti pola-polanya dan mempercepat proses berpikir aku.,Ya,Ya,Pas,Terbantu,"Terdapat beberapa soal yang perintah soalnya sulit dimengerti. Untuk editor SQL aku ngerasa ga kurang, bagus gitu, udah ada suggestion inputnya juga (jujur gatau ini disebutnya apa), terus ada warnanya dan bukan yang hitam putih gitu jadi menarik. Cuma menurut aku untuk gambar skema diagramnya terlalu kecil untuk soal yang dicoba tadi.",Tidak,"Apa yang lebih baik:
Lebih menarik karena tampilannya lebih menarik, ada skor dan leaderboard, terus bisa baca materinya secara terstuktur gitu, Terus ada hint di setiap soal juga jadi sangat membantu

Apa yang lebih buruk:
Skor yang terus turun (dan jumlahnya banyak) ketika mengerjakan suatu soal dalam durasi yang lama, sedangkan untuk naik skornya kayak susah banget gitu

Apakah kamu lebih memilih sistem seperti ini atau cara tradisional?
Saya akan memilih sistem dan platform ini karena menurut saya platform ini sangat membantu dan menarik untuk digunakan dalam melatih kemampuan SQL. Jika dibandingkan dengan cara tradisional, cara tradisional seperti belajar mandiri dari ppt kelas, mencari file pptnya sulit dan ribet gitu, terus seringkali bingung untuk latihan di mana, kalau ketemu pun level soalnya beda gitu. ","Mengejutkan saat tahu kalau urutan kolom dari output akan mempengaruhi hasil benar atau salahnya, terus ada beberapa soal yang mudah terus susah banget, terus ada beberapa pertanyaan yang materinya ga ada di ppt. kalau warna, overall sudah bagus menurutku.
Terus ada beberapa hal yang ditampilkan tanpa penjelasan gitu, kayak K-Factor itu apa","- Modul kayaknya bakal aku jadiin salah satu part di navbar, karena kalau sekarang modelnya ada di bagian paling bawah",4,B,,,,
4,"Aku merasa setelah aku berhasil mengerjakan satu tipe soal tertentu, sistem kembali memberi tipe soal serupa sebelum memberi tipe soal lain sehingga pemahamanku akan soal sebelumnya lebih mantap.",4,"Aku cukup bingung dengan progress bar-nya dan indikator rating itu sebenarnya skill-ku udah segimana, rasanya masih kurang tersampaikan gituu (personal opinion)",Ya,Mungkin,Pas,Terbantu,Sudah cukup baik 👍🏻👍🏻👍🏻👍🏻👍🏻,Tidak,"Better, aku lumayan enjoy latihan di platform ini","Ternyata materinya bener bener PPT PBD, terus ada materi yang ga dimunculin di PPT tapi ada di soal :(",Badge notifikasi untuk peerhub :>,3,A,"1) Iya
2) Tidak
3) Karena saya juga belum yakin memahami","1) Ya
2) Ya
3) Cukup membantu",3,So far aku masih belum merasakan asyiknya peerhub itu sihh.....
4,"aku merasa tingkat kesulitan soal kadang berubah2, seperti soal sekarang sangat susah, namun soal selanjutnya jauh lebih mudah, namun soal selanjutnya lagi kembali ke sangat susah",5,progress bar membantu sejauh mana perkembangan pengetahuan ku dalam mengerjakan soal2 nya,Ya,Mungkin,Terlalu sedikit,Terbantu,sejauh ini setiap fitur nya aman dan membantu,Tidak,"lebih baik, karena lebih membantu, terutama pada pemantauan progress",soal yang tiba-tiba mudah/susah,belum kepikiran,3,A,tidak pernah,"1. sangat membantu
2. iya
3. lebih membantu",3,"karena terkadang saya lebih suka untuk mencoba menyelesaikan sendiri, namun ketika sudah stuck banget, peer review sangat membantu"
4,"Kesulitan soalnya lumayan sesuai kok, tetapi ada soal yang lebih mudah muncul setelah soal yang lebih susah menurut aku",4,Karena ada progress bar aku jadi tau kemampuan aku,Mungkin,Ya,Pas,Terbantu,"Tidak ada yang mengganggu, semua baik.",Ya,Platform ini lebih baik dibanding yang lain karena pada platform ini dikasitau memakai rumus SQL apa saja hehehe jadi lebih mudah untuk menentukan memakai apa (tidak membutuhkan waktu lama),"jujur gaa ada sihh. paling terkejut pas buka nomor 1 nya AHHAHA, tapi nomor2 selanjutnya sudah terbiasa",-,3,A,"1) ada yang sulit aku pahami
2) sepertinya bermanfaar
3) feedback yang aku berikan mudah dipahami",-,4,karena interaksi dengan teman mungkin akan lebih bisa membuat orang mengerti kesalahannya
4,"soalnya oke sih, makin lama makin challenging dan cuma kadang ada 1-2 soal yang gap nya kerasa beda banget gitu lho.",4,"progress bar nya oke kak, cuma sistem penilaiannya agak jahat. Meskipun benar, tapi kalo kelamaan ga dikasih kenaikan wkwkwkkw",Ya,Mungkin,Pas,Terbantu,tidak ada,Tidak,"lebih baik, cuma lonjakan susahnya makin lama makin kerasa hehehe",soal yang tiba-tiba mudah/susah. tapi lebih sering soal yang tiba tiba susah gitu lho kak dan susahnya itu yang kayak ada prasyarat materi tertentu gitu (disuruh ngerjain yang ada left join yang advanced) padahal left join yang basic belum pernah ketemu soalnya,typo correcter hehehe,3,A,"1. iya, harus mencoba menyelami isi pikiran si teman melalui query nya gitu
2. ga sih kak, aku merasa harus jadi pro dulu
3. kayaknya yang dikasih di atas dari levelku saat mengerjakan tadi","1. mungkin
2. ya, agak sedikit
3. sedikit membantu",0,"takut jawaban teman menyesatkan, cuma kalo sistemnya bisa menyesuaikan juga, jadi jawaban yang salah dari kita dilempar ke orang/user yang ratingnya di atas kita dengan margin cukup jauh, itu tentu skala angkanya bisa dipertimbangkan lagi"
4,Aku merasa soal selanjutnya yang diberikan kadang terlalu susah padahal aku salah menjawab soal sebelumnya dan kadang difficultynya sangat lebih besar dibanding progress pada saat itu,5,"Karena ada progress bar, aku jadi tahu ketika skill-ku ada penurunan, sehingga merasa harus lebih locked-in untuk meningkatkan skor progress",Mungkin,Mungkin,Terlalu sedikit,Tertekan,Enak karena tidak perlu scroll naik turun terlalu jauh jika ingin melihat soal kembali di tengah pengerjaan,Mungkin,"Lebih baik: layout soal dan sql editor, adanya skema basis data di setiap soal, bisa cek benar dan salah, ada hint, ada feedback kesalahan, ada progress bar dan leaderboard (kompetitif)
Lebih buruk: tidak ada (mungkin soalnya lebih sulit)
Aku lebih suka sistem seperti ini karena ada progress bar dan lebih satisfying ketika jawaban yang disubmit benar","Soal yang tiba-tiba susah, jawaban yang menurut aku benar tapi ternyata salah T_T, skor yang tiba-tiba TURUN 60 karena salah menjawab 4 soal, skor turun walau benar menjawab soal",Mungkin menambah attempts jadi 5 kali di soal yang sulit banget,5,A,-,"1) Membantu
2) Belum sempat mencoba tapi kalau ada kesempatan pasti akan dicoba
3) Mungkin akan lebih membantu",5,Karena jadi bisa saling membantu dan mendapat solusi dari orang yang lebih jago
5,"aku merasa tingkat kesulitan soal selanjutnya mengikuti tingkat kemampuanku, udah oke sih",5,"progress bar nya sebenernya membantu, tapi kadang' turunnya kebanyakan kakk jadi sedih nih",Ya,Tidak,Terlalu sedikit,Tertekan,"enggak ada, enak kok dibacanya kak",Tidak,"okee gini sih, tapi sebenernya kalo stuck gabisa jawab agak bingung aja solusinya bagaimana. jadi lebih baik kalo ada solusi yang diberikan di tiap soalnya. karena aku merasa agak kurang helpful cara ini kalo misalnya gak diberikan solusi. ","kadang-kadang bingung sih ini ada di ppt materi bagian mana gitu kak, maybe lebi helpful kalo materinya per topik gitu jadi lebih deep pas belajarnya.","dikasitau pas salah, salahnya dimana gitu apakah gara' typo, salah syntax atau emang salah total hehe. karena bingung sih tadi pas dikasitau salah ""near where"" gitu, salahnya dimana.",5,A,"1. iyaa, karena kadang-kadang, soal yang harus aku review aku juga gatau salahnya dimana dan belom belajar sampe materi itu :)
2. bermanfaat
3. gayakin sih sebenernya karena aku takut itu salah, tapi semoga membantu","1. membantu apalagi kalo dikasitau jawaban yang benernya kayak gimana
2. yess
3. lebih membantu karena kadang-kadang emang stuck gitu gatau jawaban yang benernya apa",3,"aku suka sistem ini kalo dikerjainnya sendirian sih atau maks 2 orang gitu karena emang butuh space dan waktu yang cukup tenang untuk belajar, pahamin materi dan kerjain, supaya fokus gitu.

tapi sebenernya fun kalo ada temennya ^^"